{
  "connect_permissions": null,
  "distribution_type": "private",
  "icon": "./sap_logo.png",
  "id": "com.sap.opf",
  "name": "SAP Open Payment Framework",
  "permissions": [
    {
      "permission": "customer_write",
      "purpose": "To create and update customer records"
    },
    {
      "permission": "payment_intent_write",
      "purpose": "To create and manage payment intents"
    },
    {
      "permission": "charge_write",
      "purpose": "Grants access to Charges"
    }
  ],
  "sandbox_install_compatible": true,
  "stripe_api_access_type": "restricted_api_key",
  "ui_extension": {
    "content_security_policy": {
      "connect-src": null,
      "image-src": null,
      "purpose": ""
    },
    "views": [
      {
        "component": "AppSettings",
        "viewport": "settings"
      },
      {
        "component": "DrawerDefaultView",
        "viewport": "stripe.dashboard.drawer.default"
      }
    ]
  },
  "version": "0.0.2"
}